SampleID	Site
158458797-stool1	ST
158479027-stool1	ST
158458797-tonguedorsum1	OR
158458797-buccalmucosa1	OR
158458797-supragingivalplaque1	OR
158458797-anteriornares1	SK
158458797-posteriorfornix1	VG
158479027-tonguedorsum1	OR
158479027-supragingivalplaque1	OR
158479027-anteriornares1	SK
158499257-stool1	ST
158499257-tonguedorsum1	OR
158499257-buccalmucosa1	OR
158499257-supragingivalplaque1	OR
158742018-stool1	ST
158742018-tonguedorsum1	OR
158742018-buccalmucosa1	OR
158742018-supragingivalplaque1	OR
158742018-anteriornares1	SK
158742018-posteriorfornix1	VG
158944319-stool1	ST
158944319-tonguedorsum1	OR
158944319-buccalmucosa1	OR
158944319-supragingivalplaque1	OR
158944319-posteriorfornix1	VG
158984779-anteriornares1	SK
159247771-stool1	ST
159146620-stool1	ST
159166850-stool1	ST
159247771-posteriorfornix1	VG
159733294-stool1	ST
158337416-stool1	ST
158337416-tonguedorsum1	OR
158337416-buccalmucosa1	OR
158337416-supragingivalplaque1	OR
158337416-anteriornares1	SK
158337416-posteriorfornix1	VG
158398106-anteriornares1	SK
158822939-stool1	ST
158883629-stool1	ST
158883629-tonguedorsum1	OR
158883629-buccalmucosa1	OR
158883629-supragingivalplaque1	OR
158883629-posteriorfornix1	VG
158802708-stool1	ST
158802708-tonguedorsum1	OR
158802708-buccalmucosa1	OR
158802708-supragingivalplaque1	OR
158802708-anteriornares1	SK
158984779-stool1	ST
159571453-anteriornares1	SK
159369152-stool1	ST
159369152-tonguedorsum1	OR
159369152-supragingivalplaque1	OR
159591683-stool1	ST
159591683-tonguedorsum1	OR
159591683-buccalmucosa1	OR
159591683-supragingivalplaque1	OR
159591683-leftretroauricularcrease1	SK
159591683-rightretroauricularcrease1	SK
159591683-anteriornares1	SK
159207311-stool1	ST
159207311-tonguedorsum1	OR
159207311-buccalmucosa1	OR
159227541-stool1	ST
159227541-supragingivalplaque1	OR
159227541-posteriorfornix1	VG
159207311-anteriornares1	SK
159288231-stool1	ST
159268001-stool1	ST
159268001-tonguedorsum1	OR
159268001-buccalmucosa1	OR
159268001-supragingivalplaque1	OR
159268001-anteriornares1	SK
159571453-stool1	ST
159571453-tonguedorsum1	OR
159571453-buccalmucosa1	OR
159571453-supragingivalplaque1	OR
763435843-anteriornares1	SK
763435843-tonguedorsum1	OR
763435843-buccalmucosa1	OR
763496533-saliva1	OR
763496533-buccalmucosa1	OR
763496533-attachedkeratinizedgingiva1	OR
763496533-palatinetonsils1	OR
763496533-throat1	OR
763496533-supragingivalplaque1	OR
763496533-subgingivalplaque1	OR
763496533-stool1	ST
763496533-anteriornares1	SK
763435843-subgingivalplaque1	OR
763820215-tonguedorsum1	OR
763820215-buccalmucosa1	OR
763678604-stool1	ST
763536994-tonguedorsum1	OR
763536994-stool1	ST
763820215-stool1	ST
763820215-posteriorfornix1	VG
763577454-stool1	ST
763577454-anteriornares1	SK
763577454-vaginalintroitus1	VG
763577454-midvagina1	VG
763577454-saliva1	OR
763577454-tonguedorsum1	OR
763577454-buccalmucosa1	OR
763577454-attachedkeratinizedgingiva1	OR
763577454-palatinetonsils1	OR
763577454-throat1	OR
763577454-supragingivalplaque1	OR
763577454-subgingivalplaque1	OR
763577454-posteriorfornix1	VG
763840445-tonguedorsum1	OR
763840445-buccalmucosa1	OR
763840445-supragingivalplaque1	OR
763840445-stool1	ST
763840445-posteriorfornix1	VG
763961826-anteriornares1	SK
763961826-stool1	ST
763961826-tonguedorsum1	OR
763961826-buccalmucosa1	OR
763961826-attachedkeratinizedgingiva1	OR
763961826-throat1	OR
763961826-supragingivalplaque1	OR
763961826-subgingivalplaque1	OR
763961826-saliva1	OR
763860675-tonguedorsum1	OR
763860675-buccalmucosa1	OR
763860675-supragingivalplaque1	OR
763860675-anteriornares1	SK
763860675-stool1	ST
764062976-stool1	ST
763901136-tonguedorsum1	OR
763901136-buccalmucosa1	OR
763901136-anteriornares1	SK
763901136-posteriorfornix1	VG
763577454-saliva2	OR
763577454-tonguedorsum2	OR
763577454-buccalmucosa2	OR
763577454-attachedkeratinizedgingiva2	OR
763577454-palatinetonsils2	OR
763577454-throat2	OR
763577454-supragingivalplaque2	OR
763577454-subgingivalplaque2	OR
763577454-stool2	ST
763577454-vaginalintroitus2	VG
763577454-midvagina2	VG
763577454-posteriorfornix2	VG
763901136-stool1	ST
763759525-buccalmucosa1	OR
763759525-supragingivalplaque1	OR
763759525-posteriorfornix1	VG
763759525-stool1	ST
764143897-tonguedorsum1	OR
764143897-supragingivalplaque1	OR
764143897-stool1	ST
764143897-posteriorfornix1	VG
763982056-stool1	ST
763982056-anteriornares1	SK
763982056-tonguedorsum1	OR
763982056-buccalmucosa1	OR
763982056-supragingivalplaque1	OR
764042746-stool1	ST
764042746-buccalmucosa1	OR
764042746-supragingivalplaque1	OR
764042746-rightretroauricularcrease1	SK
764042746-tonguedorsum1	OR
764042746-posteriorfornix1	VG
764083206-anteriornares1	SK
764083206-stool1	ST
764083206-tonguedorsum1	OR
764083206-buccalmucosa1	OR
764083206-supragingivalplaque1	OR
764285508-tonguedorsum1	OR
764285508-buccalmucosa1	OR
764285508-supragingivalplaque1	OR
764285508-stool1	ST
764487809-anteriornares1	SK
764487809-tonguedorsum1	OR
764487809-buccalmucosa1	OR
764487809-supragingivalplaque1	OR
764487809-stool1	ST
764224817-buccalmucosa1	OR
764224817-anteriornares1	SK
764224817-supragingivalplaque1	OR
764224817-tonguedorsum1	OR
764224817-stool1	ST
763435843-anteriornares2	SK
763435843-stool2	ST
763435843-tonguedorsum2	OR
763435843-buccalmucosa2	OR
763435843-supragingivalplaque2	OR
764002286-stool2	ST
764305738-stool1	ST
764305738-tonguedorsum1	OR
764305738-buccalmucosa1	OR
764305738-supragingivalplaque1	OR
764325968-anteriornares1	SK
764325968-tonguedorsum1	OR
764325968-supragingivalplaque1	OR
764325968-stool1	ST
764447348-buccalmucosa1	OR
764447348-supragingivalplaque1	OR
764447348-anteriornares1	SK
764447348-tonguedorsum1	OR
764447348-stool1	ST
764508039-anteriornares1	SK
764508039-tonguedorsum1	OR
764508039-buccalmucosa1	OR
764508039-supragingivalplaque1	OR
764508039-stool1	ST
764588959-tonguedorsum1	OR
764588959-buccalmucosa1	OR
764588959-supragingivalplaque1	OR
764588959-stool1	ST
764588959-anteriornares1	SK
764588959-posteriorfornix1	VG
764649650-anteriornares1	SK
764649650-posteriorfornix1	VG
764649650-buccalmucosa1	OR
764649650-supragingivalplaque1	OR
764649650-stool1	ST
764649650-tonguedorsum1	OR
764669880-stool1	ST
765074482-anteriornares1	SK
765074482-buccalmucosa1	OR
765074482-tonguedorsum1	OR
765074482-supragingivalplaque1	OR
765074482-stool1	ST
159632143-tonguedorsum1	OR
159632143-buccalmucosa1	OR
159632143-supragingivalplaque1	OR
159672603-anteriornares1	SK
159429842-stool1	ST
159753524-stool1	ST
159753524-tonguedorsum1	OR
159753524-buccalmucosa1	OR
159753524-anteriornares1	SK
159753524-posteriorfornix1	VG
159753524-supragingivalplaque1	OR
159915365-tonguedorsum1	OR
159915365-supragingivalplaque1	OR
159915365-anteriornares1	SK
159915365-posteriorfornix1	VG
159915365-stool1	ST
159915365-buccalmucosa1	OR
160421117-tonguedorsum1	OR
160421117-buccalmucosa1	OR
160421117-supragingivalplaque1	OR
160421117-anteriornares1	SK
160421117-stool1	ST
159733294-tonguedorsum1	OR
159450072-leftretroauricularcrease1	SK
159611913-stool1	ST
159470302-tonguedorsum1	OR
159490532-stool1	ST
159490532-tonguedorsum1	OR
159490532-buccalmucosa1	OR
159490532-supragingivalplaque1	OR
159490532-anteriornares1	SK
159611913-tonguedorsum1	OR
159611913-buccalmucosa1	OR
159611913-supragingivalplaque1	OR
159551223-stool1	ST
159551223-tonguedorsum1	OR
159551223-buccalmucosa1	OR
159551223-supragingivalplaque1	OR
159551223-anteriornares1	SK
159814214-stool1	ST
159814214-tonguedorsum1	OR
159814214-buccalmucosa1	OR
159814214-supragingivalplaque1	OR
159814214-anteriornares1	SK
159510762-stool1	ST
159207311-supragingivalplaque1	OR
159632143-stool1	ST
160481808-supragingivalplaque1	OR
160319967-stool1	ST
160319967-tonguedorsum1	OR
160319967-buccalmucosa1	OR
160319967-supragingivalplaque1	OR
160319967-anteriornares1	SK
160319967-posteriorfornix1	VG
160502038-supragingivalplaque1	OR
160502038-anteriornares1	SK
160502038-posteriorfornix1	VG
160502038-stool1	ST
160502038-tonguedorsum1	OR
160502038-buccalmucosa1	OR
160582958-buccalmucosa1	OR
160582958-supragingivalplaque1	OR
160582958-anteriornares1	SK
160582958-posteriorfornix1	VG
160582958-stool1	ST
160582958-tonguedorsum1	OR
160542498-supragingivalplaque1	OR
160603188-tonguedorsum1	OR
160603188-buccalmucosa1	OR
160603188-supragingivalplaque1	OR
160603188-anteriornares1	SK
160603188-stool1	ST
160603188-leftretroauricularcrease1	SK
160603188-rightretroauricularcrease1	SK
158357646-stool2	ST
160158126-stool1	ST
160158126-tonguedorsum1	OR
160158126-buccalmucosa1	OR
160158126-supragingivalplaque1	OR
160380657-tonguedorsum1	OR
160380657-anteriornares1	SK
160380657-stool1	ST
160380657-buccalmucosa1	OR
160380657-supragingivalplaque1	OR
160178356-stool1	ST
160178356-tonguedorsum1	OR
160178356-buccalmucosa1	OR
160178356-anteriornares1	SK
160178356-supragingivalplaque1	OR
160218816-stool1	ST
160218816-tonguedorsum1	OR
160218816-buccalmucosa1	OR
160218816-anteriornares1	SK
160259276-tonguedorsum1	OR
160259276-supragingivalplaque1	OR
765094712-buccalmucosa1	OR
765094712-supragingivalplaque1	OR
765094712-stool1	ST
765094712-anteriornares1	SK
765094712-tonguedorsum1	OR
765013792-stool1	ST
765013792-buccalmucosa1	OR
765013792-supragingivalplaque1	OR
765013792-anteriornares1	SK
765013792-tonguedorsum1	OR
765013792-posteriorfornix1	VG
765135172-buccalmucosa1	OR
765135172-supragingivalplaque1	OR
765135172-anteriornares1	SK
765135172-tonguedorsum1	OR
765135172-stool1	ST
764305738-tonguedorsum2	OR
764305738-buccalmucosa2	OR
764305738-supragingivalplaque2	OR
764305738-rightretroauricularcrease2	SK
764305738-anteriornares2	SK
764305738-stool2	ST
763961826-leftretroauricularcrease2	SK
763961826-rightretroauricularcrease2	SK
763961826-anteriornares2	SK
763961826-tonguedorsum2	OR
763961826-buccalmucosa2	OR
763961826-attachedkeratinizedgingiva2	OR
763961826-palatinetonsils2	OR
763961826-throat2	OR
763961826-supragingivalplaque2	OR
763961826-subgingivalplaque2	OR
763961826-stool2	ST
764083206-leftretroauricularcrease2	SK
764083206-rightretroauricularcrease2	SK
764083206-anteriornares2	SK
764083206-tonguedorsum2	OR
764083206-buccalmucosa2	OR
764083206-supragingivalplaque2	OR
763496533-rightretroauricularcrease2	SK
763496533-anteriornares2	SK
763496533-saliva2	OR
763496533-tonguedorsum2	OR
763496533-buccalmucosa2	OR
763496533-attachedkeratinizedgingiva2	OR
763496533-palatinetonsils2	OR
763496533-throat2	OR
763496533-supragingivalplaque2	OR
763496533-subgingivalplaque2	OR
763496533-stool2	ST
765034022-anteriornares1	SK
765034022-tonguedorsum1	OR
765034022-buccalmucosa1	OR
765034022-supragingivalplaque1	OR
765034022-stool1	ST
765337473-tonguedorsum1	OR
765337473-buccalmucosa1	OR
765337473-supragingivalplaque1	OR
765337473-anteriornares1	SK
765337473-posteriorfornix1	VG
765560005-anteriornares1	SK
765560005-supragingivalplaque1	OR
765560005-tonguedorsum1	OR
765560005-buccalmucosa1	OR
765560005-stool1	ST
763597684-stool2	ST
765620695-buccalmucosa1	OR
765620695-supragingivalplaque1	OR
765620695-anteriornares1	SK
765620695-posteriorfornix1	VG
765620695-stool1	ST
765620695-tonguedorsum1	OR
763678604-stool2	ST
764669880-stool2	ST
764892411-anteriornares2	SK
764892411-buccalmucosa2	OR
764892411-tonguedorsum2	OR
764892411-supragingivalplaque2	OR
764892411-stool2	ST
160643649-stool1	ST
160643649-tonguedorsum1	OR
160643649-buccalmucosa1	OR
160643649-supragingivalplaque1	OR
160643649-anteriornares1	SK
160643649-posteriorfornix1	VG
160400887-tonguedorsum1	OR
160400887-buccalmucosa1	OR
160400887-supragingivalplaque1	OR
160400887-anteriornares1	SK
160400887-stool1	ST
160400887-leftretroauricularcrease1	SK
160400887-rightretroauricularcrease1	SK
160704339-stool1	ST
160704339-tonguedorsum1	OR
160704339-buccalmucosa1	OR
160704339-supragingivalplaque1	OR
160704339-posteriorfornix1	VG
160704339-anteriornares1	SK
160906640-tonguedorsum1	OR
160947100-stool1	ST
160947100-tonguedorsum1	OR
160765029-tonguedorsum1	OR
160765029-buccalmucosa1	OR
160765029-supragingivalplaque1	OR
160765029-anteriornares1	SK
160765029-stool1	ST
161007791-stool1	ST
161230322-stool1	ST
158479027-buccalmucosa2	OR
158479027-supragingivalplaque2	OR
158479027-anteriornares2	SK
158479027-stool2	ST
158479027-tonguedorsum2	OR
158216035-tonguedorsum2	OR
158155345-tonguedorsum2	OR
158256496-stool2	ST
158256496-tonguedorsum2	OR
158256496-supragingivalplaque2	OR
158256496-posteriorfornix2	VG
158256496-buccalmucosa2	OR
158256496-anteriornares2	SK
158337416-tonguedorsum2	OR
158337416-buccalmucosa2	OR
158337416-supragingivalplaque2	OR
158337416-stool2	ST
158337416-anteriornares2	SK
638754422-stool1	ST
638754422-tonguedorsum1	OR
638754422-buccalmucosa1	OR
638754422-supragingivalplaque1	OR
638754422-posteriorfornix1	VG
533247696-supragingivalplaque1	OR
158458797-tonguedorsum2	OR
809635352-stool1	ST
809635352-tonguedorsum1	OR
809635352-buccalmucosa1	OR
809635352-supragingivalplaque1	OR
809635352-posteriorfornix1	VG
158499257-supragingivalplaque2	OR
158499257-stool2	ST
158499257-tonguedorsum2	OR
158499257-buccalmucosa2	OR
158499257-anteriornares2	SK
370425937-stool1	ST
370425937-tonguedorsum1	OR
370425937-buccalmucosa1	OR
370425937-supragingivalplaque1	OR
370425937-posteriorfornix1	VG
650853796-supragingivalplaque1	OR
158114885-supragingivalplaque2	OR
158924089-stool2	ST
158924089-anteriornares2	SK
246515023-stool1	ST
246515023-tonguedorsum1	OR
246515023-buccalmucosa1	OR
246515023-supragingivalplaque1	OR
246515023-posteriorfornix1	VG
158802708-stool2	ST
158802708-buccalmucosa2	OR
158802708-supragingivalplaque2	OR
158802708-tonguedorsum2	OR
159005010-stool2	ST
159005010-buccalmucosa2	OR
159005010-supragingivalplaque2	OR
159005010-posteriorfornix2	VG
159005010-tonguedorsum2	OR
158883629-stool2	ST
158883629-tonguedorsum2	OR
158883629-buccalmucosa2	OR
158883629-supragingivalplaque2	OR
158883629-anteriornares2	SK
158883629-posteriorfornix2	VG
159268001-stool2	ST
159268001-tonguedorsum2	OR
159268001-buccalmucosa2	OR
159268001-supragingivalplaque2	OR
159369152-tonguedorsum2	OR
159369152-supragingivalplaque2	OR
159369152-anteriornares2	SK
159369152-stool2	ST
159369152-buccalmucosa2	OR
159247771-stool2	ST
159247771-tonguedorsum2	OR
159247771-buccalmucosa2	OR
159247771-supragingivalplaque2	OR
159247771-anteriornares2	SK
159247771-posteriorfornix2	VG
159510762-stool2	ST
159510762-tonguedorsum2	OR
159510762-supragingivalplaque2	OR
159207311-stool2	ST
159207311-tonguedorsum2	OR
159207311-buccalmucosa2	OR
159207311-supragingivalplaque2	OR
159207311-anteriornares2	SK
158944319-stool2	ST
158944319-tonguedorsum2	OR
158944319-buccalmucosa2	OR
158944319-supragingivalplaque2	OR
158944319-anteriornares2	SK
158944319-posteriorfornix2	VG
159551223-tonguedorsum2	OR
159551223-stool2	ST
159551223-buccalmucosa2	OR
159551223-supragingivalplaque2	OR
159713063-tonguedorsum2	OR
159713063-buccalmucosa2	OR
159713063-supragingivalplaque2	OR
159713063-stool2	ST
159713063-anteriornares2	SK
159713063-posteriorfornix2	VG
159571453-stool2	ST
159571453-tonguedorsum2	OR
159571453-supragingivalplaque2	OR
159571453-buccalmucosa2	OR
159571453-leftretroauricularcrease2	SK
159591683-stool2	ST
159591683-buccalmucosa2	OR
159591683-supragingivalplaque2	OR
159591683-anteriornares2	SK
159591683-tonguedorsum2	OR
159591683-leftretroauricularcrease2	SK
159591683-rightretroauricularcrease2	SK
159611913-leftretroauricularcrease2	SK
159611913-stool2	ST
159611913-tonguedorsum2	OR
159611913-buccalmucosa2	OR
159611913-supragingivalplaque2	OR
159611913-rightretroauricularcrease2	SK
368533040-stool1	ST
764487809-tonguedorsum2	OR
764811490-stool2	ST
160582958-buccalmucosa2	OR
706846339-posteriorfornix1	VG
686765762-buccalmucosa1	OR
764447348-stool2	ST
404239096-tonguedorsum1	OR
763820215-tonguedorsum2	OR
160178356-anteriornares2	SK
160319967-anteriornares2	SK
638754422-supragingivalplaque2	OR
550534656-stool1	ST
763759525-supragingivalplaque2	OR
675950834-buccalmucosa1	OR
763759525-stool2	ST
159814214-buccalmucosa2	OR
604812005-anteriornares1	SK
604812005-buccalmucosa1	OR
686765762-tonguedorsum1	OR
840279516-stool1	ST
763820215-buccalmucosa2	OR
159814214-stool2	ST
404239096-supragingivalplaque1	OR
763982056-supragingivalplaque2	OR
765094712-buccalmucosa2	OR
160421117-supragingivalplaque2	OR
550534656-supragingivalplaque1	OR
550534656-tonguedorsum1	OR
160582958-supragingivalplaque2	OR
160178356-buccalmucosa2	OR
159490532-anteriornares2	SK
763982056-tonguedorsum2	OR
764325968-anteriornares2	SK
370425937-tonguedorsum2	OR
763759525-posteriorfornix2	VG
764366428-posteriorfornix1	VG
604812005-stool1	ST
160319967-supragingivalplaque2	OR
404239096-buccalmucosa1	OR
604812005-tonguedorsum2	OR
765094712-supragingivalplaque2	OR
861967750-buccalmucosa1	OR
706846339-buccalmucosa1	OR
686765762-supragingivalplaque1	OR
159753524-stool2	ST
338793263-rightretroauricularcrease1	SK
160603188-buccalmucosa2	OR
604812005-stool2	ST
404239096-stool1	ST
246515023-tonguedorsum2	OR
160421117-stool2	ST
604812005-anteriornares2	SK
763759525-buccalmucosa2	OR
682449369-posteriorfornix1	VG
160603188-anteriornares2	SK
823052294-anteriornares1	SK
604812005-buccalmucosa2	OR
159490532-buccalmucosa2	OR
764224817-rightretroauricularcrease2	SK
765701615-anteriornares1	SK
765074482-stool2	ST
764224817-stool2	ST
764811490-supragingivalplaque2	OR
159814214-supragingivalplaque2	OR
763759525-tonguedorsum2	OR
763536994-tonguedorsum2	OR
159814214-anteriornares2	SK
764447348-anteriornares2	SK
764487809-supragingivalplaque2	OR
764143897-posteriorfornix2	VG
160380657-supragingivalplaque2	OR
160158126-supragingivalplaque2	OR
508703490-anteriornares1	SK
737052003-tonguedorsum1	OR
763982056-anteriornares2	SK
861967750-stool1	ST
764325968-tonguedorsum2	OR
638754422-posteriorfornix2	VG
823052294-buccalmucosa1	OR
638754422-tonguedorsum2	OR
764184357-stool2	ST
160582958-tonguedorsum2	OR
159227541-tonguedorsum2	OR
160582958-anteriornares2	SK
764811490-posteriorfornix2	VG
160380657-tonguedorsum2	OR
604812005-supragingivalplaque2	OR
764325968-buccalmucosa2	OR
246515023-supragingivalplaque2	OR
763456073-posteriorfornix2	VG
765701615-tonguedorsum1	OR
160502038-stool2	ST
823052294-stool1	ST
764487809-anteriornares2	SK
159166850-stool2	ST
686765762-stool1	ST
765701615-stool1	ST
160421117-buccalmucosa2	OR
159227541-stool2	ST
550534656-buccalmucosa1	OR
404239096-anteriornares1	SK
160319967-stool2	ST
338793263-buccalmucosa1	OR
508703490-posteriorfornix1	VG
246515023-anteriornares2	SK
675950834-tonguedorsum1	OR
763982056-stool2	ST
763536994-stool2	ST
764143897-anteriornares2	SK
765701615-buccalmucosa1	OR
159814214-tonguedorsum2	OR
765640925-stool1	ST
160502038-supragingivalplaque2	OR
160319967-buccalmucosa2	OR
763860675-stool2	ST
764487809-stool2	ST
638754422-buccalmucosa2	OR
861967750-supragingivalplaque1	OR
763820215-supragingivalplaque2	OR
338793263-posteriorfornix1	VG
765094712-anteriornares2	SK
861967750-anteriornares1	SK
160582958-posteriorfornix2	VG
160502038-buccalmucosa2	OR
765094712-tonguedorsum2	OR
764143897-stool2	ST
764143897-supragingivalplaque2	OR
706846339-supragingivalplaque1	OR
159490532-stool2	ST
159166850-supragingivalplaque2	OR
338793263-tonguedorsum1	OR
765640925-posteriorfornix1	VG
160178356-tonguedorsum2	OR
737052003-anteriornares1	SK
338793263-supragingivalplaque1	OR
370425937-posteriorfornix2	VG
370425937-buccalmucosa2	OR
706846339-stool1	ST
159227541-posteriorfornix2	VG
686765762-anteriornares1	SK
160319967-posteriorfornix2	VG
764811490-buccalmucosa2	OR
737052003-supragingivalplaque1	OR
765094712-rightretroauricularcrease2	SK
508703490-stool1	ST
161412393-stool2	ST
675950834-stool1	ST
765640925-anteriornares1	SK
160380657-stool2	ST
764224817-supragingivalplaque2	OR
764811490-tonguedorsum2	OR
508703490-supragingivalplaque1	OR
160582958-stool2	ST
508703490-tonguedorsum1	OR
370425937-supragingivalplaque2	OR
338793263-anteriornares1	SK
161554003-stool2	ST
159490532-supragingivalplaque2	OR
160158126-buccalmucosa2	OR
338793263-stool1	ST
765640925-supragingivalplaque1	OR
706846339-tonguedorsum1	OR
764224817-buccalmucosa2	OR
160421117-tonguedorsum2	OR
737052003-stool1	ST
763820215-posteriorfornix2	VG
160319967-tonguedorsum2	OR
737052003-buccalmucosa1	OR
160603188-tonguedorsum2	OR
246515023-posteriorfornix2	VG
763860675-supragingivalplaque2	OR
675950834-supragingivalplaque1	OR
604812005-tonguedorsum1	OR
764325968-supragingivalplaque2	OR
159490532-tonguedorsum2	OR
160097436-stool2	ST
638754422-stool2	ST
159753524-buccalmucosa2	OR
763759525-anteriornares2	SK
764325968-stool2	ST
160178356-stool2	ST
765640925-tonguedorsum1	OR
160380657-buccalmucosa2	OR
765094712-stool2	ST
764143897-tonguedorsum2	OR
159753524-posteriorfornix2	VG
737052003-posteriorfornix1	VG
160421117-anteriornares2	SK
675950834-posteriorfornix1	VG
764143897-buccalmucosa2	OR
550534656-anteriornares1	SK
246515023-buccalmucosa2	OR
764447348-rightretroauricularcrease2	SK
160502038-tonguedorsum2	OR
764224817-tonguedorsum2	OR
160502038-posteriorfornix2	VG
763860675-tonguedorsum2	OR
370425937-stool2	ST
861967750-tonguedorsum1	OR
160158126-tonguedorsum2	OR
246515023-stool2	ST
823052294-tonguedorsum1	OR
550534656-posteriorfornix1	VG
604812005-supragingivalplaque1	OR
160603188-stool2	ST
764487809-buccalmucosa2	OR
159490532-rightretroauricularcrease2	SK
508703490-buccalmucosa1	OR
706846339-anteriornares1	SK
404239096-rightretroauricularcrease1	SK
160178356-supragingivalplaque2	OR
764447348-tonguedorsum2	OR
160380657-anteriornares2	SK
937415040-tonguedorsum1	OR
763820215-stool2	ST
160603188-supragingivalplaque2	OR
160158126-stool2	ST
765701615-supragingivalplaque1	OR
763536994-stool3	ST
764062976-posteriorfornix2	VG
764042746-tonguedorsum2	OR
763536994-tonguedorsum3	OR
763840445-anteriornares2	SK
764042746-vaginalintroitus2	VG
686765762-tonguedorsum2	OR
159510762-anteriornares3	SK
809635352-stool2	ST
765560005-anteriornares2	SK
763840445-tonguedorsum2	OR
764042746-subgingivalplaque2	OR
764062976-buccalmucosa2	OR
763536994-buccalmucosa3	OR
809635352-tonguedorsum2	OR
764042746-palatinetonsils2	OR
763840445-posteriorfornix2	VG
763840445-buccalmucosa2	OR
937495960-supragingivalplaque1	OR
866653606-stool1	ST
763721271-stool1	ST
763901136-supragingivalplaque2	OR
686765762-anteriornares2	SK
159510762-tonguedorsum3	OR
763901136-stool2	ST
763840445-supragingivalplaque2	OR
295137534-tonguedorsum2	OR
809635352-anteriornares2	SK
686765762-supragingivalplaque2	OR
763840445-stool2	ST
159510762-supragingivalplaque3	OR
764042746-posteriorfornix2	VG
763901136-tonguedorsum2	OR
764062976-supragingivalplaque2	OR
763536994-supragingivalplaque3	OR
764042746-stool2	ST
686765762-stool2	ST
809635352-posteriorfornix2	VG
764062976-tonguedorsum2	OR
763901136-buccalmucosa2	OR
336497421-stool2	ST
809635352-supragingivalplaque2	OR
686765762-buccalmucosa2	OR
764062976-anteriornares2	SK
764042746-anteriornares2	SK
764042746-supragingivalplaque2	OR
765560005-throat2	OR
763901136-posteriorfornix2	VG
809635352-buccalmucosa2	OR
764062976-stool2	ST
160421117-stool3	ST
160421117-tonguedorsum3	OR
160421117-buccalmucosa3	OR
160421117-supragingivalplaque3	OR
160421117-anteriornares3	SK
160380657-stool3	ST
160380657-tonguedorsum3	OR
160380657-buccalmucosa3	OR
160380657-supragingivalplaque3	OR
160380657-anteriornares3	SK
160178356-stool3	ST
160178356-tonguedorsum3	OR
160178356-buccalmucosa3	OR
160178356-supragingivalplaque3	OR
160178356-anteriornares3	SK
160603188-stool3	ST
160603188-tonguedorsum3	OR
160603188-buccalmucosa3	OR
160603188-supragingivalplaque3	OR
160603188-anteriornares3	SK
158883629-stool3	ST
158883629-tonguedorsum3	OR
158883629-buccalmucosa3	OR
158883629-supragingivalplaque3	OR
158883629-posteriorfornix3	VG
763456073-buccalmucosa3	OR
763456073-throat3	OR
763456073-supragingivalplaque3	OR
763456073-subgingivalplaque3	OR
763456073-stool3	ST
763456073-vaginalintroitus3	VG
763456073-posteriorfornix3	VG
764588959-supragingivalplaque2	OR
764588959-stool2	ST
764588959-posteriorfornix2	VG
764588959-tonguedorsum2	OR
763982056-buccalmucosa3	OR
763982056-anteriornares3	SK
763982056-stool3	ST
763982056-tonguedorsum3	OR
763982056-supragingivalplaque3	OR
375450439-stool3	ST
375450439-vaginalintroitus3	VG
375450439-posteriorfornix3	VG
375450439-tonguedorsum3	OR
763395383-buccalmucosa3	OR
763395383-stool3	ST
763395383-tonguedorsum3	OR
763395383-palatinetonsils3	OR
763395383-subgingivalplaque3	OR
763395383-anteriornares3	SK
763820215-stool3	ST
764285508-buccalmucosa2	OR
764285508-anteriornares2	SK
764285508-stool2	ST
764285508-tonguedorsum2	OR
764285508-supragingivalplaque2	OR
764508039-anteriornares2	SK
764508039-buccalmucosa2	OR
764508039-stool2	ST
159753524-buccalmucosa3	OR
159753524-stool3	ST
159753524-tonguedorsum3	OR
159753524-posteriorfornix3	VG
158802708-stool3	ST
158802708-tonguedorsum3	OR
158802708-buccalmucosa3	OR
158802708-supragingivalplaque3	OR
159227541-stool3	ST
159227541-tonguedorsum3	OR
159227541-posteriorfornix3	VG
158944319-stool3	ST
158944319-tonguedorsum3	OR
158944319-buccalmucosa3	OR
158944319-supragingivalplaque3	OR
158944319-anteriornares3	SK
158944319-posteriorfornix3	VG
159207311-stool3	ST
159207311-tonguedorsum3	OR
159207311-buccalmucosa3	OR
159207311-supragingivalplaque3	OR
160319967-stool3	ST
160319967-tonguedorsum3	OR
160319967-buccalmucosa3	OR
160319967-supragingivalplaque3	OR
160319967-anteriornares3	SK
160319967-posteriorfornix3	VG
159268001-tonguedorsum3	OR
159268001-supragingivalplaque3	OR
159268001-buccalmucosa3	OR
763395383-supragingivalplaque3	OR
764366428-buccalmucosa2	OR
764366428-subgingivalplaque2	OR
764366428-posteriorfornix2	VG
764366428-stool2	ST
764366428-tonguedorsum2	OR
764366428-throat2	OR
764366428-supragingivalplaque2	OR
550534656-tonguedorsum2	OR
550534656-buccalmucosa2	OR
550534656-stool2	ST
550534656-posteriorfornix2	VG
763921366-supragingivalplaque3	OR
763921366-stool3	ST
763921366-posteriorfornix3	VG
764467579-tonguedorsum3	OR
764467579-buccalmucosa3	OR
764467579-palatinetonsils3	OR
764467579-supragingivalplaque3	OR
764467579-posteriorfornix3	VG
764467579-stool3	ST
765094712-stool3	ST
765094712-supragingivalplaque3	OR
765094712-anteriornares3	SK
763557224-posteriorfornix3	VG
763557224-tonguedorsum3	OR
763557224-supragingivalplaque3	OR
763557224-stool3	ST
765135172-tonguedorsum2	OR
765135172-anteriornares2	SK
686765762-stool3	ST
686765762-tonguedorsum3	OR
686765762-buccalmucosa3	OR
686765762-supragingivalplaque3	OR
686765762-anteriornares3	SK
604812005-stool3	ST
604812005-tonguedorsum3	OR
604812005-buccalmucosa3	OR
604812005-supragingivalplaque3	OR
638754422-stool3	ST
638754422-tonguedorsum3	OR
638754422-buccalmucosa3	OR
638754422-supragingivalplaque3	OR
638754422-anteriornares3	SK
638754422-posteriorfornix3	VG
160502038-tonguedorsum3	OR
160502038-buccalmucosa3	OR
160502038-supragingivalplaque3	OR
160502038-anteriornares3	SK
160502038-posteriorfornix3	VG
675950834-posteriorfornix2	VG
675950834-buccalmucosa2	OR
675950834-anteriornares2	SK
675950834-tonguedorsum2	OR
675950834-supragingivalplaque2	OR
675950834-stool2	ST
508703490-tonguedorsum2	OR
508703490-buccalmucosa2	OR
508703490-supragingivalplaque2	OR
508703490-posteriorfornix2	VG
508703490-stool2	ST
765195863-buccalmucosa3	OR
765195863-anteriornares3	SK
765195863-saliva3	OR
765195863-tonguedorsum3	OR
765195863-palatinetonsils3	OR
765195863-supragingivalplaque3	OR
765195863-posteriorfornix3	VG
765195863-stool3	ST
764649650-supragingivalplaque2	OR
764649650-tonguedorsum2	OR
764649650-buccalmucosa2	OR
764649650-stool2	ST
764649650-posteriorfornix2	VG
763719065-stool3	ST
763719065-vaginalintroitus3	VG
763719065-posteriorfornix3	VG
763719065-supragingivalplaque3	OR
763719065-subgingivalplaque3	OR
765013792-supragingivalplaque2	OR
861967750-anteriornares2	SK
861967750-tonguedorsum2	OR
861967750-supragingivalplaque2	OR
823052294-tonguedorsum2	OR
823052294-buccalmucosa2	OR
823052294-supragingivalplaque2	OR
765337473-tonguedorsum2	OR
765337473-buccalmucosa2	OR
765337473-supragingivalplaque2	OR
765337473-stool2	ST
765337473-posteriorfornix2	VG
160502038-stool3	ST
809635352-stool3	ST
809635352-posteriorfornix3	VG
246515023-stool3	ST
246515023-tonguedorsum3	OR
246515023-buccalmucosa3	OR
246515023-anteriornares3	SK
246515023-posteriorfornix3	VG
706846339-supragingivalplaque2	OR
706846339-posteriorfornix2	VG
706846339-stool2	ST
765013792-stool2	ST
765013792-posteriorfornix2	VG
765013792-tonguedorsum2	OR
765013792-buccalmucosa2	OR
178713055-stool2	ST
178713055-tonguedorsum2	OR
178713055-supragingivalplaque2	OR
338793263-buccalmucosa2	OR
338793263-supragingivalplaque2	OR
338793263-tonguedorsum2	OR
338793263-posteriorfornix2	VG
338793263-stool2	ST
234447334-tonguedorsum2	OR
234447334-buccalmucosa2	OR
765074482-supragingivalplaque3	OR
765074482-stool3	ST
765074482-tonguedorsum3	OR
857980665-buccalmucosa2	OR
857980665-posteriorfornix2	VG
857980665-tonguedorsum2	OR
857980665-palatinetonsils2	OR
857980665-throat2	OR
739574095-tonguedorsum2	OR
739574095-throat2	OR
739574095-subgingivalplaque2	OR
370027359-palatinetonsils2	OR
370027359-supragingivalplaque2	OR
370027359-subgingivalplaque2	OR
370027359-stool2	ST
517810313-stool2	ST
517810313-palatinetonsils2	OR
517810313-supragingivalplaque2	OR
517810313-anteriornares2	SK
663835652-tonguedorsum2	OR
765034022-buccalmucosa2	OR
765034022-stool2	ST
765135172-stool3	ST
765135172-buccalmucosa3	OR
953045535-buccalmucosa2	OR
953045535-tonguedorsum2	OR
953045535-palatinetonsils2	OR
550534656-stool3	ST
550534656-tonguedorsum3	OR
550534656-buccalmucosa3	OR
550534656-supragingivalplaque3	OR
764366428-tonguedorsum3	OR
764366428-buccalmucosa3	OR
764366428-supragingivalplaque3	OR
764366428-vaginalintroitus3	VG
764366428-palatinetonsils3	OR
764366428-subgingivalplaque3	OR
764366428-posteriorfornix3	VG
764366428-stool3	ST
823052294-buccalmucosa3	OR
823052294-tonguedorsum3	OR
823052294-supragingivalplaque3	OR
823052294-stool3	ST
764508039-stool3	ST
764508039-buccalmucosa3	OR
764508039-tonguedorsum3	OR
764508039-supragingivalplaque3	OR
147406386-buccalmucosa2	OR
147406386-supragingivalplaque2	OR
147406386-subgingivalplaque2	OR
764062976-supragingivalplaque3	OR
765155402-stool3	ST
765155402-tonguedorsum3	OR
765155402-buccalmucosa3	OR
765155402-throat3	OR
765155402-supragingivalplaque3	OR
765155402-subgingivalplaque3	OR
275382046-supragingivalplaque2	OR
275382046-palatinetonsils2	OR
765216093-buccalmucosa3	OR
765216093-stool3	ST
765216093-tonguedorsum3	OR
765701615-stool2	ST
765701615-buccalmucosa2	OR
765701615-supragingivalplaque2	OR
765701615-tonguedorsum2	OR
675950834-tonguedorsum3	OR
675950834-supragingivalplaque3	OR
765539774-buccalmucosa3	OR
765539774-throat3	OR
765539774-palatinetonsils3	OR
160582958-stool3	ST
160582958-tonguedorsum3	OR
160582958-buccalmucosa3	OR
160582958-supragingivalplaque3	OR
160582958-anteriornares3	SK
160582958-posteriorfornix3	VG
863126187-anteriornares3	SK
863126187-tonguedorsum3	OR
863126187-supragingivalplaque3	OR
863126187-stool3	ST
682102541-tonguedorsum3	OR
682102541-supragingivalplaque3	OR
682102541-stool3	ST
663835652-stool3	ST
663835652-tonguedorsum3	OR
663835652-supragingivalplaque3	OR
663835652-posteriorfornix3	VG
765013792-supragingivalplaque3	OR
765013792-tonguedorsum3	OR
765013792-posteriorfornix3	VG
275382046-buccalmucosa3	OR
275382046-supragingivalplaque3	OR
275382046-stool3	ST
147406386-stool3	ST
147406386-tonguedorsum3	OR
147406386-supragingivalplaque3	OR
765377934-tonguedorsum3	OR
765377934-buccalmucosa3	OR
765377934-saliva3	OR
765377934-anteriornares3	SK
765377934-stool3	ST
765377934-palatinetonsils3	OR
765377934-posteriorfornix3	VG
370027359-tonguedorsum3	OR
370027359-anteriornares3	SK
765519544-buccalmucosa3	OR
765519544-stool3	ST
765337473-tonguedorsum3	OR
765337473-stool3	ST
765640925-stool2	ST
508703490-supragingivalplaque3	OR
508703490-stool3	ST
737052003-supragingivalplaque2	OR
737052003-posteriorfornix2	VG
737052003-tonguedorsum2	OR
737052003-stool2	ST
765620695-buccalmucosa2	OR
765620695-supragingivalplaque2	OR
765620695-anteriornares2	SK
763901136-vaginalintroitus3	VG
763901136-posteriorfornix3	VG
763901136-tonguedorsum3	OR
763901136-subgingivalplaque3	OR
763901136-supragingivalplaque3	OR
765256553-stool3	ST
765256553-posteriorfornix3	VG
103092734-supragingivalplaque3	OR
103092734-tonguedorsum3	OR
103092734-palatinetonsils3	OR
103092734-subgingivalplaque3	OR
857980665-tonguedorsum3	OR
857980665-anteriornares3	SK
857980665-posteriorfornix3	VG
857980665-stool3	ST
404239096-supragingivalplaque2	OR
765276783-stool2	ST
764811490-supragingivalplaque1	OR
764811490-posteriorfornix1	VG
764811490-tonguedorsum1	OR
764872181-anteriornares1	SK
764872181-buccalmucosa1	OR
764872181-tonguedorsum1	OR
764872181-supragingivalplaque1	OR
147406386-keratinizedgingiva2	OR
158802708-lretroauricularcrease3	SK
158802708-rretroauricularcrease3	SK
158883629-lretroauricularcrease1	SK
158944319-rretroauricularcrease3	SK
159207311-lretroauricularcrease3	SK
159207311-rretroauricularcrease3	SK
159268001-rretroauricularcrease3	SK
159753524-lretroauricularcrease2	SK
159753524-lretroauricularcrease3	SK
159753524-rretroauricularcrease2	SK
159753524-rretroauricularcrease3	SK
160178356-lretroauricularcrease2	SK
160178356-lretroauricularcrease3	SK
160178356-rretroauricularcrease3	SK
160319967-lretroauricularcrease2	SK
160319967-lretroauricularcrease3	SK
160319967-rretroauricularcrease2	SK
160380657-lretroauricularcrease2	SK
160502038-lretroauricularcrease2	SK
160502038-lretroauricularcrease3	SK
160502038-rretroauricularcrease3	SK
160582958-rretroauricularcrease2	SK
160603188-lretroauricularcrease2	SK
160603188-lretroauricularcrease3	SK
160603188-rretroauricularcrease3	SK
517810313-keratinizedgingiva2	OR
550534656-rantecubitalfossa3	SK
638754422-rretroauricularcrease3	SK
686765762-rretroauricularcrease3	SK
763456073-keratinizedgingiva3	OR
764366428-keratinizedgingiva2	OR
764366428-keratinizedgingiva3	OR
764467579-keratinizedgingiva3	OR
765155402-keratinizedgingiva3	OR
765256553-keratinizedgingiva3	OR
CCIS00146684ST-4-0	ST
CCIS00281083ST-3-0	ST
CCIS02124300ST-4-0	ST
CCIS02379307ST-4-0	ST
CCIS02856720ST-4-0	ST
CCIS03473770ST-4-0	ST
CCIS03857607ST-4-0	ST
CCIS05314658ST-4-0	ST
CCIS06260551ST-3-0	ST
CCIS07277498ST-4-0	ST
CCIS07539127ST-4-0	ST
CCIS07648107ST-4-0	ST
CCIS08668806ST-3-0	ST
CCIS09568613ST-4-0	ST
CCIS10706551ST-3-0	ST
CCIS10793554ST-4-0	ST
CCIS11015875ST-4-0	ST
CCIS11019776ST-4-0	ST
CCIS11354283ST-4-0	ST
CCIS11362406ST-4-0	ST
CCIS11558985ST-4-0	ST
CCIS12370844ST-4-0	ST
CCIS12656533ST-4-0	ST
CCIS13047523ST-4-0	ST
CCIS14449628ST-4-0	ST
CCIS15704761ST-4-0	ST
CCIS15794887ST-4-0	ST
CCIS16326685ST-4-0	ST
CCIS16383318ST-4-0	ST
CCIS16561622ST-4-0	ST
CCIS17669415ST-4-0	ST
CCIS19142497ST-3-0	ST
CCIS20795251ST-4-0	ST
CCIS21126322ST-4-0	ST
CCIS21278152ST-4-0	ST
CCIS22275061ST-4-0	ST
CCIS22416007ST-4-0	ST
CCIS22906510ST-20-0	ST
CCIS22958137ST-20-0	ST
CCIS23164343ST-4-0	ST
CCIS24254057ST-4-0	ST
CCIS24898163ST-4-0	ST
CCIS25399172ST-4-0	ST
CCIS27304052ST-3-0	ST
CCIS27927933ST-4-0	ST
CCIS28384594ST-4-0	ST
CCIS29210128ST-4-0	ST
CCIS29688262ST-20-0	ST
CCIS31434951ST-20-0	ST
CCIS32105356ST-4-0	ST
CCIS32452666ST-4-0	ST
CCIS33816588ST-4-0	ST
CCIS34055159ST-4-0	ST
CCIS34604008ST-4-0	ST
CCIS35092938ST-4-0	ST
CCIS35100175ST-4-0	ST
CCIS36699628ST-4-0	ST
CCIS36797902ST-4-0	ST
CCIS37250421ST-4-0	ST
CCIS38765456ST-20-0	ST
CCIS40244499ST-3-0	ST
CCIS41222843ST-4-0	ST
CCIS41288781ST-4-0	ST
CCIS41548810ST-4-0	ST
CCIS41692898ST-4-0	ST
CCIS41806458ST-4-0	ST
CCIS44093303ST-4-0	ST
CCIS44676181ST-4-0	ST
CCIS44743950ST-4-0	ST
CCIS44757994ST-4-0	ST
CCIS45571137ST-3-0	ST
CCIS45793747ST-4-0	ST
CCIS46047672ST-4-0	ST
CCIS46467422ST-4-0	ST
CCIS47284573ST-4-0	ST
CCIS47745468ST-4-0	ST
CCIS48174381ST-4-0	ST
CCIS48507077ST-4-0	ST
CCIS48579360ST-4-0	ST
CCIS48725289ST-4-0	ST
CCIS50003399ST-4-0	ST
CCIS50148151ST-4-0	ST
CCIS50369211ST-20-0	ST
CCIS50471204ST-4-0	ST
CCIS50561855ST-4-0	ST
CCIS51595129ST-4-0	ST
CCIS51667829ST-4-0	ST
CCIS52234160ST-4-0	ST
CCIS52370277ST-4-0	ST
CCIS53043478ST-4-0	ST
CCIS53355328ST-4-0	ST
CCIS53557295ST-4-0	ST
CCIS54027808ST-4-0	ST
CCIS55230578ST-4-0	ST
CCIS55531770ST-4-0	ST
CCIS56503244ST-3-0	ST
CCIS58234805ST-4-0	ST
CCIS59132091ST-4-0	ST
CCIS59903910ST-4-0	ST
CCIS61287323ST-4-0	ST
CCIS62605362ST-3-0	ST
CCIS62794166ST-4-0	ST
CCIS63448910ST-4-0	ST
CCIS63468405ST-4-0	ST
CCIS63910149ST-4-0	ST
CCIS64773582ST-4-0	ST
CCIS64785924ST-20-0	ST
CCIS65479369ST-4-0	ST
CCIS70398272ST-4-0	ST
CCIS71301801ST-4-0	ST
CCIS71578391ST-4-0	ST
CCIS72607085ST-4-0	ST
CCIS74239020ST-4-0	ST
CCIS74726977ST-3-0	ST
CCIS76563044ST-4-0	ST
CCIS76845094ST-20-0	ST
CCIS77100899ST-4-0	ST
CCIS77252613ST-4-0	ST
CCIS78100604ST-4-0	ST
CCIS78318719ST-4-0	ST
CCIS79210440ST-3-0	ST
CCIS80834637ST-4-0	ST
CCIS81139242ST-4-0	ST
CCIS81710917ST-20-0	ST
CCIS81735969ST-20-0	ST
CCIS81887263ST-4-0	ST
CCIS82146115ST-4-0	ST
CCIS82507866ST-3-0	ST
CCIS82944710ST-20-0	ST
CCIS83445808ST-4-0	ST
CCIS83574003ST-4-0	ST
CCIS83870198ST-4-0	ST
CCIS84543192ST-4-0	ST
CCIS85214191ST-3-0	ST
CCIS87116798ST-4-0	ST
CCIS87167916ST-4-0	ST
CCIS87252800ST-4-0	ST
CCIS87290971ST-4-0	ST
CCIS87605453ST-4-0	ST
CCIS88007743ST-4-0	ST
CCIS88317640ST-4-0	ST
CCIS90164298ST-4-0	ST
CCIS90166425ST-4-0	ST
CCIS90443472ST-4-0	ST
CCIS90903952ST-3-0	ST
CCIS91228662ST-4-0	ST
CCIS93040568ST-20-0	ST
CCIS94417875ST-3-0	ST
CCIS94496512ST-4-0	ST
CCIS94603952ST-4-0	ST
CCIS95097901ST-4-0	ST
CCIS95409808ST-4-0	ST
CCIS96387239ST-4-0	ST
CCIS98482370ST-3-0	ST
CCIS98512455ST-4-0	ST
CCIS98832363ST-4-0	ST
CCMD11006829ST-21-0	ST
CCMD12232071ST-21-0	ST
CCMD13071240ST-21-0	ST
CCMD13934959ST-21-0	ST
CCMD14479708ST-21-0	ST
CCMD18872694ST-21-0	ST
CCMD19497912ST-21-0	ST
CCMD23101338ST-21-0	ST
CCMD25511638ST-21-0	ST
CCMD25963797ST-21-0	ST
CCMD26709089ST-21-0	ST
CCMD26925580ST-21-0	ST
CCMD34381688ST-21-0	ST
CCMD35802077ST-21-0	ST
CCMD40701343ST-21-0	ST
CCMD42428553ST-21-0	ST
CCMD45988061ST-21-0	ST
CCMD46222674ST-21-0	ST
CCMD46947453ST-21-0	ST
CCMD48236717ST-21-0	ST
CCMD50071957ST-21-0	ST
CCMD51864103ST-21-0	ST
CCMD60079086ST-21-0	ST
CCMD63399960ST-21-0	ST
CCMD64503764ST-21-0	ST
CCMD64776337ST-21-0	ST
CCMD72895164ST-21-0	ST
CCMD74930188ST-21-0	ST
CCMD79987997ST-21-0	ST
CCMD82866709ST-21-0	ST
CCMD86114146ST-21-0	ST
CCMD86707194ST-21-0	ST
CCMD87156761ST-21-0	ST
CCMD88272491ST-21-0	ST
CCMD90311071ST-21-0	ST
CCMD93344354ST-21-0	ST
CCMD95433940ST-21-0	ST
CCMD96553385ST-21-0	ST
BGI-06A	ST
BGI-15A	ST
BGI-17A	ST
BGI-27A	ST
BGI-28A	ST
BGI-33A	ST
BGI-34A	ST
BGI001A	ST
BGI002A	ST
BGI003A	ST
BGI089A	ST
DLF001	ST
DLF002	ST
DLF003	ST
DLF004	ST
DLF005	ST
DLF006	ST
DLF007	ST
DLF008	ST
DLF009	ST
DLF010	ST
DLF012	ST
DLF013	ST
DLF014	ST
DLM001	ST
DLM002	ST
DLM003	ST
DLM004	ST
DLM005	ST
DLM006	ST
DLM007	ST
DLM008	ST
DLM009	ST
DLM010	ST
DLM011	ST
DLM012	ST
DLM013	ST
DLM014	ST
DLM015	ST
DLM016	ST
DLM017	ST
DLM018	ST
DLM019	ST
DLM020	ST
DLM021	ST
DLM022	ST
DLM023	ST
DLM024	ST
DLM027	ST
DLM028	ST
DOF002	ST
DOF003	ST
DOF004	ST
DOF006	ST
DOF007	ST
DOF008	ST
DOF009	ST
DOF010	ST
DOF011	ST
DOF012	ST
DOF013	ST
DOF014	ST
DOM001	ST
DOM003	ST
DOM005	ST
DOM008	ST
DOM010	ST
DOM012	ST
DOM013	ST
DOM014	ST
DOM015	ST
DOM016	ST
DOM017	ST
DOM018	ST
DOM019	ST
DOM020	ST
DOM021	ST
DOM022	ST
DOM023	ST
DOM024	ST
DOM025	ST
DOM026	ST
ED10A	ST
ED11A	ST
ED12A	ST
ED13A	ST
ED14A	ST
ED15A	ST
ED16A	ST
ED19A	ST
ED20A	ST
ED50A	ST
ED9A	ST
HT14A	ST
HT25A	ST
HT8A	ST
N001A	ST
N002A	ST
N003A	ST
N005A	ST
N006A	ST
N009A	ST
N011A	ST
N013A	ST
N017A	ST
N020A	ST
N021A	ST
N022A	ST
N024A	ST
N025A	ST
N026A	ST
N027A	ST
N028A	ST
N029A	ST
N031A	ST
N032A	ST
N033A	ST
N034A	ST
N035A	ST
N037A	ST
N038A	ST
N039A	ST
N040A	ST
N042A	ST
N043A	ST
N044A	ST
N046A	ST
N047A	ST
N049A	ST
N051A	ST
N052A	ST
N056A	ST
N062A	ST
N064A	ST
N066A	ST
N074A	ST
N075A	ST
N079A	ST
N082A	ST
N083A	ST
N084A	ST
N085A	ST
N086A	ST
N087A	ST
N088A	ST
N089A	ST
N103A	ST
N104A	ST
NLF001	ST
NLF002	ST
NLF005	ST
NLF006	ST
NLF007	ST
NLF008	ST
NLF009	ST
NLF010	ST
NLF011	ST
NLF012	ST
NLF013	ST
NLF014	ST
NLF015	ST
NLM001	ST
NLM002	ST
NLM003	ST
NLM004	ST
NLM005	ST
NLM006	ST
NLM007	ST
NLM008	ST
NLM009	ST
NLM010	ST
NLM015	ST
NLM016	ST
NLM017	ST
NLM021	ST
NLM022	ST
NLM023	ST
NLM024	ST
NLM025	ST
NLM026	ST
NLM027	ST
NLM028	ST
NLM029	ST
NLM031	ST
NLM032	ST
NOF001	ST
NOF002	ST
NOF004	ST
NOF005	ST
NOF006	ST
NOF007	ST
NOF008	ST
NOF009	ST
NOF010	ST
NOF011	ST
NOF012	ST
NOF013	ST
NOF014	ST
NOM001	ST
NOM002	ST
NOM004	ST
NOM005	ST
NOM007	ST
NOM008	ST
NOM009	ST
NOM010	ST
NOM012	ST
NOM013	ST
NOM014	ST
NOM015	ST
NOM016	ST
NOM017	ST
NOM018	ST
NOM019	ST
NOM020	ST
NOM022	ST
NOM023	ST
NOM025	ST
NOM026	ST
NOM027	ST
NOM028	ST
NOM029	ST
SZEY-06A	ST
SZEY-07A	ST
SZEY-08A	ST
SZEY-09A	ST
SZEY-101A	ST
SZEY-103A	ST
SZEY-104A	ST
SZEY-106A	ST
SZEY-10A	ST
SZEY-20A	ST
SZEY-22A	ST
SZEY-24A	ST
SZEY-26A	ST
SZEY-27A	ST
SZEY-29A	ST
SZEY-30A	ST
SZEY-35A	ST
SZEY-37A	ST
SZEY-38A	ST
SZEY-39A	ST
SZEY-40A	ST
SZEY-41A	ST
SZEY-43A	ST
SZEY-44A	ST
SZEY-48A	ST
SZEY-55A	ST
SZEY-58A	ST
SZEY-59A	ST
SZEY-60A	ST
SZEY-62A	ST
SZEY-63A	ST
SZEY-64A	ST
SZEY-66A	ST
SZEY-68A	ST
SZEY-69A	ST
SZEY-73A	ST
SZEY-74A	ST
SZEY-75A	ST
SZEY-78A	ST
SZEY-79A	ST
SZEY-81A	ST
SZEY-90A	ST
SZEY-93A	ST
SZEY-95A	ST
SZEY-97A	ST
SZEY-99A	ST
T2D-102A	ST
T2D-103A	ST
T2D-105A	ST
T2D-106A	ST
T2D-107A	ST
T2D-108A	ST
T2D-109A	ST
T2D-10A	ST
T2D-110A	ST
T2D-112A	ST
T2D-113A	ST
T2D-114A	ST
T2D-118A	ST
T2D-11A	ST
T2D-120A	ST
T2D-121A	ST
T2D-122A	ST
T2D-123A	ST
T2D-126A	ST
T2D-127A	ST
T2D-12A	ST
T2D-132A	ST
T2D-133A	ST
T2D-134A	ST
T2D-135A	ST
T2D-139A	ST
T2D-13A	ST
T2D-140A	ST
T2D-142A	ST
T2D-143A	ST
T2D-144A	ST
T2D-146A	ST
T2D-148A	ST
T2D-149A	ST
T2D-14A	ST
T2D-150A	ST
T2D-154A	ST
T2D-155A	ST
T2D-156A	ST
T2D-157A	ST
T2D-15A	ST
T2D-163A	ST
T2D-173A	ST
T2D-175A	ST
T2D-176A	ST
T2D-177A	ST
T2D-178A	ST
T2D-17A	ST
T2D-187A	ST
T2D-189A	ST
T2D-192A	ST
T2D-195A	ST
T2D-198A	ST
T2D-19A	ST
T2D-203A	ST
T2D-206A	ST
T2D-207A	ST
T2D-20A	ST
T2D-22A	ST
T2D-25A	ST
T2D-26A	ST
T2D-29A	ST
T2D-2A	ST
T2D-31A	ST
T2D-33A	ST
T2D-34A	ST
T2D-35A	ST
T2D-41A	ST
T2D-42A	ST
T2D-45A	ST
T2D-46A	ST
T2D-47A	ST
T2D-48A	ST
T2D-49A	ST
T2D-51A	ST
T2D-52A	ST
T2D-53A	ST
T2D-54A	ST
T2D-56A	ST
T2D-57A	ST
T2D-59A	ST
T2D-61A	ST
T2D-62A	ST
T2D-63A	ST
T2D-65A	ST
T2D-66A	ST
T2D-68A	ST
T2D-6A	ST
T2D-70A	ST
T2D-73A	ST
T2D-76A	ST
T2D-77A	ST
T2D-78A	ST
T2D-81A	ST
T2D-83A	ST
T2D-87A	ST
T2D-8A	ST
T2D-91A	ST
T2D-97A	ST
T2D-9A	ST
MH0002	ST
MH0003	ST
MH0006	ST
MH0009	ST
MH0011	ST
MH0012	ST
MH0014	ST
MH0016	ST
MH0020	ST
MH0021	ST
MH0024	ST
MH0025	ST
MH0026	ST
MH0028	ST
MH0030	ST
MH0031	ST
MH0032	ST
MH0033	ST
MH0034	ST
MH0035	ST
MH0036	ST
MH0037	ST
MH0038	ST
MH0039	ST
MH0040	ST
MH0041	ST
MH0042	ST
MH0043	ST
MH0044	ST
MH0045	ST
MH0046	ST
MH0047	ST
MH0048	ST
MH0049	ST
MH0050	ST
MH0051	ST
MH0052	ST
MH0053	ST
MH0054	ST
MH0055	ST
MH0056	ST
MH0057	ST
MH0058	ST
MH0059	ST
MH0060	ST
MH0061	ST
MH0062	ST
MH0063	ST
MH0064	ST
MH0065	ST
MH0066	ST
MH0067	ST
MH0068	ST
MH0069	ST
MH0070	ST
MH0071	ST
MH0072	ST
MH0073	ST
MH0074	ST
MH0075	ST
MH0076	ST
MH0077	ST
MH0078	ST
MH0079	ST
MH0080	ST
MH0081	ST
MH0082	ST
MH0083	ST
MH0084	ST
MH0085	ST
MH0086	ST
MH0087	ST
MH0088	ST
MH0089	ST
MH0090	ST
MH0091	ST
MH0092	ST
MH0093	ST
MH0094	ST
MH0095	ST
MH0096	ST
MH0097	ST
MH0098	ST
MH0099	ST
MH0100	ST
MH0101	ST
MH0102	ST
MH0103	ST
MH0104	ST
MH0105	ST
MH0106	ST
MH0107	ST
MH0108	ST
MH0109	ST
MH0110	ST
MH0111	ST
MH0113	ST
MH0114	ST
MH0115	ST
MH0116	ST
MH0117	ST
MH0118	ST
MH0119	ST
MH0120	ST
MH0121	ST
MH0122	ST
MH0123	ST
MH0124	ST
MH0125	ST
MH0126	ST
MH0127	ST
MH0128	ST
MH0129	ST
MH0130	ST
MH0131	ST
MH0132	ST
MH0133	ST
MH0134	ST
MH0135	ST
MH0136	ST
MH0137	ST
MH0138	ST
MH0139	ST
MH0140	ST
MH0141	ST
MH0142	ST
MH0143	ST
MH0144	ST
MH0145	ST
MH0146	ST
MH0147	ST
MH0148	ST
MH0149	ST
MH0150	ST
MH0151	ST
MH0152	ST
MH0153	ST
MH0154	ST
MH0155	ST
MH0156	ST
MH0157	ST
MH0158	ST
MH0159	ST
MH0160	ST
MH0161	ST
MH0162	ST
MH0163	ST
MH0164	ST
MH0165	ST
MH0166	ST
MH0167	ST
MH0168	ST
MH0169	ST
MH0170	ST
MH0172	ST
MH0173	ST
MH0174	ST
MH0175	ST
MH0176	ST
MH0177	ST
MH0178	ST
MH0179	ST
MH0180	ST
MH0181	ST
MH0182	ST
MH0183	ST
MH0184	ST
MH0185	ST
MH0186	ST
MH0187	ST
MH0188	ST
MH0189	ST
MH0191	ST
MH0192	ST
MH0193	ST
MH0195	ST
MH0196	ST
MH0197	ST
MH0198	ST
MH0199	ST
MH0200	ST
MH0203	ST
MH0204	ST
MH0205	ST
MH0206	ST
MH0211	ST
MH0212	ST
MH0217	ST
MH0220	ST
MH0221	ST
MH0222	ST
MH0224	ST
MH0227	ST
MH0229	ST
MH0230	ST
MH0233	ST
MH0234	ST
MH0236	ST
MH0238	ST
MH0239	ST
MH0243	ST
MH0244	ST
MH0245	ST
MH0246	ST
MH0247	ST
MH0250	ST
MH0251	ST
MH0252	ST
MH0253	ST
MH0257	ST
MH0259	ST
MH0260	ST
MH0261	ST
MH0262	ST
MH0264	ST
MH0265	ST
MH0266	ST
MH0267	ST
MH0268	ST
MH0270	ST
MH0271	ST
MH0272	ST
MH0274	ST
MH0275	ST
MH0276	ST
MH0277	ST
MH0280	ST
MH0281	ST
MH0283	ST
MH0284	ST
MH0286	ST
MH0287	ST
MH0288	ST
MH0289	ST
MH0290	ST
MH0292	ST
MH0293	ST
MH0297	ST
MH0298	ST
MH0299	ST
MH0301	ST
MH0302	ST
MH0303	ST
MH0305	ST
MH0307	ST
MH0308	ST
MH0309	ST
MH0310	ST
MH0311	ST
MH0313	ST
MH0314	ST
MH0315	ST
MH0316	ST
MH0318	ST
MH0319	ST
MH0321	ST
MH0322	ST
MH0323	ST
MH0325	ST
MH0326	ST
MH0327	ST
MH0328	ST
MH0329	ST
MH0330	ST
MH0332	ST
MH0333	ST
MH0334	ST
MH0335	ST
MH0336	ST
MH0337	ST
MH0338	ST
MH0339	ST
MH0340	ST
MH0341	ST
MH0342	ST
MH0343	ST
MH0345	ST
MH0346	ST
MH0347	ST
MH0348	ST
MH0349	ST
MH0350	ST
MH0351	ST
MH0354	ST
MH0355	ST
MH0356	ST
MH0357	ST
MH0358	ST
MH0359	ST
MH0360	ST
MH0361	ST
MH0362	ST
MH0363	ST
MH0364	ST
MH0365	ST
MH0366	ST
MH0367	ST
MH0368	ST
MH0369	ST
MH0370	ST
MH0371	ST
MH0372	ST
MH0373	ST
MH0374	ST
MH0375	ST
MH0376	ST
MH0377	ST
MH0378	ST
MH0379	ST
MH0381	ST
MH0382	ST
MH0383	ST
MH0384	ST
MH0385	ST
MH0386	ST
MH0387	ST
MH0388	ST
MH0389	ST
MH0390	ST
MH0391	ST
MH0392	ST
MH0393	ST
MH0394	ST
MH0395	ST
MH0396	ST
MH0397	ST
MH0398	ST
MH0399	ST
MH0400	ST
MH0401	ST
MH0402	ST
MH0403	ST
MH0404	ST
MH0405	ST
MH0406	ST
MH0407	ST
MH0408	ST
MH0409	ST
MH0410	ST
MH0411	ST
MH0412	ST
MH0413	ST
MH0414	ST
MH0415	ST
MH0416	ST
MH0417	ST
MH0418	ST
MH0419	ST
MH0420	ST
MH0421	ST
MH0422	ST
MH0423	ST
MH0424	ST
MH0425	ST
MH0426	ST
MH0427	ST
MH0428	ST
MH0429	ST
MH0430	ST
MH0431	ST
MH0432	ST
MH0433	ST
MH0434	ST
MH0435	ST
MH0436	ST
MH0437	ST
MH0438	ST
MH0439	ST
MH0440	ST
MH0441	ST
MH0442	ST
MH0443	ST
MH0444	ST
MH0445	ST
MH0446	ST
MH0447	ST
MH0448	ST
MH0450	ST
MH0451	ST
MH0452	ST
MH0453	ST
MH0454	ST
MH0455	ST
MH0456	ST
MH0457	ST
MH0458	ST
MH0462	ST
NG-5425_137	ST
NG-5425_249	ST
NG-5425_286	ST
NG-5425_297	ST
NG-5425_342	ST
NG-5425_470	ST
NG-5425_475	ST
NG-5425_485	ST
NG-5425_550	ST
NG-5636_112	ST
NG-5636_118	ST
NG-5636_121	ST
NG-5636_126	ST
NG-5636_127	ST
NG-5636_131	ST
NG-5636_141	ST
NG-5636_143	ST
NG-5636_144	ST
NG-5636_146	ST
NG-5636_153	ST
NG-5636_155	ST
NG-5636_158	ST
NG-5636_186	ST
NG-5636_187	ST
NG-5636_193	ST
NG-5636_194	ST
NG-5636_195	ST
NG-5636_198	ST
NG-5636_200	ST
NG-5636_205	ST
NG-5636_224	ST
NG-5636_225	ST
NG-5636_227	ST
NG-5636_229	ST
NG-5636_231	ST
NG-5636_235	ST
NG-5636_239	ST
NG-5636_243	ST
NG-5636_244	ST
NG-5636_248	ST
NG-5636_258	ST
NG-5636_263	ST
NG-5636_264	ST
NG-5636_268	ST
NG-5636_269	ST
NG-5636_278	ST
NG-5636_288	ST
NG-5636_290	ST
NG-5636_299	ST
NG-5636_304	ST
NG-5636_305	ST
NG-5636_312	ST
NG-5636_317	ST
NG-5636_327	ST
NG-5636_330	ST
NG-5636_332	ST
NG-5636_334	ST
NG-5636_344	ST
NG-5636_347	ST
NG-5636_349	ST
NG-5636_350	ST
NG-5636_353	ST
NG-5636_354	ST
NG-5636_356	ST
NG-5636_365	ST
NG-5636_367	ST
NG-5636_370	ST
NG-5636_372	ST
NG-5636_378	ST
NG-5636_380	ST
NG-5636_381	ST
NG-5636_384	ST
NG-5636_389	ST
NG-5636_393	ST
NG-5636_395	ST
NG-5636_397	ST
NG-5636_398	ST
NG-5636_420	ST
NG-5636_421	ST
NG-5636_422	ST
NG-5636_424	ST
NG-5636_432	ST
NG-5636_434	ST
NG-5636_436	ST
NG-5636_439	ST
NG-5636_441	ST
NG-5636_446	ST
NG-5636_451	ST
NG-5636_456	ST
NG-5636_457	ST
NG-5636_458	ST
NG-5636_462	ST
NG-5636_463	ST
NG-5636_468	ST
NG-5636_472	ST
NG-5636_476	ST
NG-5636_478	ST
NG-5636_479	ST
NG-5636_483	ST
NG-5636_484	ST
NG-5636_487	ST
NG-5636_488	ST
NG-5636_495	ST
NG-5636_497	ST
NG-5636_51	ST
NG-5636_517	ST
NG-5636_524	ST
NG-5636_526	ST
NG-5636_529	ST
NG-5636_53	ST
NG-5636_530	ST
NG-5636_536	ST
NG-5636_54	ST
NG-5636_543	ST
NG-5636_547	ST
NG-5636_551	ST
NG-5636_552	ST
NG-5636_558	ST
NG-5636_561	ST
NG-5636_563	ST
NG-5636_577	ST
NG-5636_58	ST
NG-5636_584	ST
NG-5636_587	ST
NG-5636_589	ST
NG-5636_59	ST
NG-5636_591	ST
NG-5636_598	ST
NG-5636_60	ST
NG-5636_600	ST
NG-5636_602	ST
NG-5636_604	ST
NG-5636_614	ST
NG-5636_617	ST
NG-5636_618	ST
NG-5636_628	ST
NG-5636_638	ST
NG-5636_640	ST
NG-5636_643	ST
NG-5636_646	ST
NG-5636_655	ST
NG-5636_77	ST
NG-5636_80	ST
NG-5636_88	ST
NG-5636_92	ST
O2.CD1-0	ST
O2.CD1-0-PT	ST
O2.CD2-0	ST
O2.CD2-0-PT	ST
O2.CD3-0-PT	ST
O2.UC1-0	ST
O2.UC1-1	ST
O2.UC1-2	ST
O2.UC11-0	ST
O2.UC11-1	ST
O2.UC11-2	ST
O2.UC12-0	ST
O2.UC12-1	ST
O2.UC12-2	ST
O2.UC13-0	ST
O2.UC13-1	ST
O2.UC13-2	ST
O2.UC14-0	ST
O2.UC14-1	ST
O2.UC14-2	ST
O2.UC15-0	ST
O2.UC15-1	ST
O2.UC15-2	ST
O2.UC16-0	ST
O2.UC16-1	ST
O2.UC16-2	ST
O2.UC17-0	ST
O2.UC17-1	ST
O2.UC17-2	ST
O2.UC18-0	ST
O2.UC18-1	ST
O2.UC18-2	ST
O2.UC19-0	ST
O2.UC19-1	ST
O2.UC19-2	ST
O2.UC2-0	ST
O2.UC2-1	ST
O2.UC2-2	ST
O2.UC20-0	ST
O2.UC20-1	ST
O2.UC20-2	ST
O2.UC21-0	ST
O2.UC21-1	ST
O2.UC21-2	ST
O2.UC22-0	ST
O2.UC22-1	ST
O2.UC22-2	ST
O2.UC23-0	ST
O2.UC23-1	ST
O2.UC23-2	ST
O2.UC24-0	ST
O2.UC24-1	ST
O2.UC24-2	ST
O2.UC26-0	ST
O2.UC26-1	ST
O2.UC26-2	ST
O2.UC27-0	ST
O2.UC27-1	ST
O2.UC27-2	ST
O2.UC28-0	ST
O2.UC28-1	ST
O2.UC28-2	ST
O2.UC29-0	ST
O2.UC29-1	ST
O2.UC29-2	ST
O2.UC3-0	ST
O2.UC3-1	ST
O2.UC3-2	ST
O2.UC30-0	ST
O2.UC30-1	ST
O2.UC30-2	ST
O2.UC31-0	ST
O2.UC31-1	ST
O2.UC31-2	ST
O2.UC32-0	ST
O2.UC32-1	ST
O2.UC32-2	ST
O2.UC34-0	ST
O2.UC34-2	ST
O2.UC35-0	ST
O2.UC35-1	ST
O2.UC35-2	ST
O2.UC36-0	ST
O2.UC36-1	ST
O2.UC36-2	ST
O2.UC37-0	ST
O2.UC37-1	ST
O2.UC37-2	ST
O2.UC38-0	ST
O2.UC38-1	ST
O2.UC38-2	ST
O2.UC4-0	ST
O2.UC4-1	ST
O2.UC4-2	ST
O2.UC40-0	ST
O2.UC40-1	ST
O2.UC40-2	ST
O2.UC41-0	ST
O2.UC41-1	ST
O2.UC41-2	ST
O2.UC43-0	ST
O2.UC43-1	ST
O2.UC43-2	ST
O2.UC44-0	ST
O2.UC44-1	ST
O2.UC44-2	ST
O2.UC46-0	ST
O2.UC46-1	ST
O2.UC46-2	ST
O2.UC47-0	ST
O2.UC47-1	ST
O2.UC47-2	ST
O2.UC48-0	ST
O2.UC48-1	ST
O2.UC48-2	ST
O2.UC49-0	ST
O2.UC49-2	ST
O2.UC5-0	ST
O2.UC5-1	ST
O2.UC5-2	ST
O2.UC50-0	ST
O2.UC50-2	ST
O2.UC51-0	ST
O2.UC51-2	ST
O2.UC52-0	ST
O2.UC52-2	ST
O2.UC53-0	ST
O2.UC53-2	ST
O2.UC54-0	ST
O2.UC54-2	ST
O2.UC55-0	ST
O2.UC55-2	ST
O2.UC56-0	ST
O2.UC56-2	ST
O2.UC57-0	ST
O2.UC57-2	ST
O2.UC58-0	ST
O2.UC58-2	ST
O2.UC59-0	ST
O2.UC59-2	ST
O2.UC6-0	ST
O2.UC6-1	ST
O2.UC6-2	ST
O2.UC60-0	ST
O2.UC60-2	ST
O2.UC7-0	ST
O2.UC7-1	ST
O2.UC8-0	ST
O2.UC8-1	ST
O2.UC8-2	ST
O2.UC9-0	ST
O2.UC9-1	ST
O2.UC9-2	ST
SAMEA3136623	ST
SAMEA3136624	ST
SAMEA3136625	ST
SAMEA3136626	ST
SAMEA3136627	ST
SAMEA3136628	ST
SAMEA3136629	ST
SAMEA3136630	ST
SAMEA3136631	ST
SAMEA3136632	ST
SAMEA3136633	ST
SAMEA3136634	ST
SAMEA3136635	ST
SAMEA3136636	ST
SAMEA3136637	ST
SAMEA3136638	ST
SAMEA3136639	ST
SAMEA3136640	ST
SAMEA3136641	ST
SAMEA3136642	ST
SAMEA3136643	ST
SAMEA3136644	ST
SAMEA3136645	ST
SAMEA3136646	ST
SAMEA3136647	ST
SAMEA3136648	ST
SAMEA3136649	ST
SAMEA3136650	ST
SAMEA3136651	ST
SAMEA3136652	ST
SAMEA3136653	ST
SAMEA3136654	ST
SAMEA3136655	ST
SAMEA3136656	ST
SAMEA3136657	ST
SAMEA3136658	ST
SAMEA3136659	ST
SAMEA3136660	ST
SAMEA3136661	ST
SAMEA3136662	ST
SAMEA3136663	ST
SAMEA3136664	ST
SAMEA3136665	ST
SAMEA3136666	ST
SAMEA3136667	ST
SAMEA3136668	ST
SAMEA3136669	ST
SAMEA3136670	ST
SAMEA3136671	ST
SAMEA3136672	ST
SAMEA3136673	ST
SAMEA3136674	ST
SAMEA3136675	ST
SAMEA3136676	ST
SAMEA3136677	ST
SAMEA3136678	ST
SAMEA3136679	ST
SAMEA3136680	ST
SAMEA3136681	ST
SAMEA3136682	ST
SAMEA3136683	ST
SAMEA3136684	ST
SAMEA3136685	ST
SAMEA3136686	ST
SAMEA3136687	ST
SAMEA3136688	ST
SAMEA3136689	ST
SAMEA3136690	ST
SAMEA3136691	ST
SAMEA3136692	ST
SAMEA3136693	ST
SAMEA3136694	ST
SAMEA3136695	ST
SAMEA3136696	ST
SAMEA3136697	ST
SAMEA3136698	ST
SAMEA3136699	ST
SAMEA3136700	ST
SAMEA3136701	ST
SAMEA3136702	ST
SAMEA3136703	ST
SAMEA3136704	ST
SAMEA3136705	ST
SAMEA3136706	ST
SAMEA3136707	ST
SAMEA3136708	ST
SAMEA3136709	ST
SAMEA3136710	ST
SAMEA3136711	ST
SAMEA3136712	ST
SAMEA3136713	ST
SAMEA3136714	ST
SAMEA3136715	ST
SAMEA3136716	ST
SAMEA3136717	ST
SAMEA3136718	ST
SAMEA3136719	ST
SAMEA3136720	ST
SAMEA3136721	ST
SAMEA3136722	ST
SAMEA3136723	ST
SAMEA3136724	ST
SAMEA3136725	ST
SAMEA3136726	ST
SAMEA3136727	ST
SAMEA3136728	ST
SAMEA3136729	ST
SAMEA3136730	ST
SAMEA3136731	ST
SAMEA3136732	ST
SAMEA3136733	ST
SAMEA3136734	ST
SAMEA3136735	ST
SAMEA3136736	ST
SAMEA3136737	ST
SAMEA3136738	ST
SAMEA3136739	ST
SAMEA3136740	ST
SAMEA3136741	ST
SAMEA3136742	ST
SAMEA3136743	ST
SAMEA3136744	ST
SAMEA3136745	ST
SAMEA3136746	ST
SAMEA3136747	ST
SAMEA3136748	ST
SAMEA3136749	ST
SAMEA3136750	ST
SAMEA3136751	ST
SAMEA3136752	ST
SAMEA3136753	ST
SAMEA3136754	ST
SAMEA3136755	ST
SAMEA3136756	ST
SAMEA3136757	ST
SAMEA3136758	ST
SAMEA3136759	ST
SAMEA3136760	ST
SAMEA3136761	ST
SAMEA3136762	ST
SAMEA3136763	ST
SAMEA3136764	ST
SAMEA3136765	ST
SAMEA3136766	ST
SAMEA3136767	ST
SAMEA3136768	ST
SAMEA3136769	ST
SAMEA3178936	ST
SAMEA3178937	ST
SAMEA3178938	ST
SAMEA3178939	ST
SAMEA3178940	ST
SAMEA3178941	ST
SAMEA3178942	ST
SAMEA3178943	ST
SAMEA3178944	ST
TARA_004_DCM_0.22-1.6_G	OC
TARA_004_SRF_0.22-1.6_G	OC
TARA_007_DCM_0.22-1.6_G	OC
TARA_007_SRF_0.22-1.6_G	OC
TARA_009_DCM_0.22-1.6_G	OC
TARA_009_SRF_0.22-1.6_G	OC
TARA_018_DCM_0.22-1.6_G	OC
TARA_018_SRF_0.22-1.6_G	OC
TARA_023_DCM_0.22-1.6_G	OC
TARA_023_SRF_0.22-1.6_G	OC
TARA_025_DCM_0.22-1.6_G	OC
TARA_025_SRF_0.22-1.6_G	OC
TARA_030_DCM_0.22-1.6_G	OC
TARA_030_SRF_0.22-1.6_G	OC
TARA_031_SRF_0.22-1.6_G	OC
TARA_032_DCM_0.22-1.6_G	OC
TARA_032_SRF_0.22-1.6_G	OC
TARA_033_SRF_0.22-1.6_G	OC
TARA_034_DCM_0.22-1.6_G	OC
TARA_034_SRF_0.22-1.6_G	OC
TARA_036_DCM_0.22-1.6_G	OC
TARA_036_SRF_0.22-1.6_G	OC
TARA_037_MES_0.22-1.6_G	OC
TARA_038_DCM_0.22-1.6_G	OC
TARA_038_MES_0.22-1.6_G	OC
TARA_038_SRF_0.22-1.6_G	OC
TARA_039_DCM_0.22-1.6_G	OC
TARA_039_MES_0.22-1.6_G	OC
TARA_041_DCM_0.22-1.6_G	OC
TARA_041_SRF_0.22-1.6_G	OC
TARA_042_DCM_0.22-1.6_G	OC
TARA_042_SRF_0.22-1.6_G	OC
TARA_045_SRF_0.22-1.6_G	OC
TARA_048_SRF_0.22-1.6_G	OC
TARA_052_DCM_0.22-1.6_G	OC
TARA_052_SRF_0.22-1.6_G	OC
TARA_056_MES_0.22-3_G	OC
TARA_056_SRF_0.22-3_G	OC
TARA_057_SRF_0.22-3_G	OC
TARA_058_DCM_0.22-3_G	OC
TARA_062_SRF_0.22-3_G	OC
TARA_064_DCM_0.22-3_G	OC
TARA_064_MES_0.22-3_G	OC
TARA_064_SRF_0.22-3_G	OC
TARA_065_DCM_0.22-3_G	OC
TARA_065_MES_0.22-3_G	OC
TARA_065_SRF_0.22-3_G	OC
TARA_066_DCM_0.22-3_G	OC
TARA_066_SRF_0.22-3_G	OC
TARA_067_SRF_0.22-3_G	OC
TARA_068_DCM_0.22-3_G	OC
TARA_068_MES_0.22-3_G	OC
TARA_068_SRF_0.22-3_G	OC
TARA_070_MES_0.22-3_G	OC
TARA_070_SRF_0.22-3_G	OC
TARA_072_DCM_0.22-3_G	OC
TARA_072_MES_0.22-3_G	OC
TARA_072_SRF_0.22-3_G	OC
TARA_076_DCM_0.22-3_G	OC
TARA_076_MES_0.22-3_G	OC
TARA_076_SRF_0.22-3_G	OC
TARA_078_DCM_0.22-3_G	OC
TARA_078_MES_0.22-3_G	OC
TARA_078_SRF_0.22-3_G	OC
TARA_082_DCM_0.22-3_G	OC
TARA_082_SRF_0.22-3_G	OC
TARA_084_SRF_0.22-3_G	OC
TARA_085_DCM_0.22-3_G	OC
TARA_085_MES_0.22-3_G	OC
TARA_085_SRF_0.22-3_G	OC
TARA_093_DCM_0.22-3_G	OC
TARA_093_SRF_0.22-3_G	OC
TARA_094_SRF_0.22-3_G	OC
TARA_096_SRF_0.22-3_G	OC
TARA_098_DCM_0.22-3_G	OC
TARA_098_MES_0.22-3_G	OC
TARA_098_SRF_0.22-3_G	OC
TARA_099_SRF_0.22-3_G	OC
TARA_100_DCM_0.22-3_G	OC
TARA_100_MES_0.22-3_G	OC
TARA_100_SRF_0.22-3_G	OC
TARA_102_DCM_0.22-3_G	OC
TARA_102_MES_0.22-3_G	OC
TARA_102_SRF_0.22-3_G	OC
TARA_109_DCM_0.22-3_G	OC
TARA_109_MES_0.22-3_G	OC
TARA_109_SRF_0.22-3_G	OC
TARA_110_DCM_0.22-3_G	OC
TARA_110_MES_0.22-3_G	OC
TARA_110_SRF_0.22-3_G	OC
TARA_111_DCM_0.22-3_G	OC
TARA_111_MES_0.22-3_G	OC
TARA_111_SRF_0.22-3_G	OC
TARA_112_DCM_0.22-3_G	OC
TARA_112_MES_0.22-3_G	OC
TARA_112_SRF_0.22-3_G	OC
TARA_122_DCM_0.22-3_G	OC
TARA_122_MES_0.22-3_G	OC
TARA_122_SRF_0.22-3_G	OC
TARA_123_MIX_0.22-3_G	OC
TARA_123_SRF_0.22-3_G	OC
TARA_124_MIX_0.22-3_G	OC
TARA_124_SRF_0.22-3_G	OC
TARA_125_MIX_0.22-3_G	OC
TARA_125_SRF_0.22-3_G	OC
TARA_128_DCM_0.22-3_G	OC
TARA_128_SRF_0.22-3_G	OC
TARA_132_DCM_0.22-3_G	OC
TARA_132_MES_0.22-3_G	OC
TARA_132_SRF_0.22-3_G	OC
TARA_133_DCM_0.22-3_G	OC
TARA_133_MES_0.22-3_G	OC
TARA_133_SRF_0.22-3_G	OC
TARA_137_DCM_0.22-3_G	OC
TARA_137_MES_0.22-3_G	OC
TARA_137_SRF_0.22-3_G	OC
TARA_138_DCM_0.22-3_G	OC
TARA_138_MES_0.22-3_G	OC
TARA_138_SRF_0.22-3_G	OC
TARA_140_SRF_0.22-3_G	OC
TARA_141_SRF_0.22-3_G	OC
TARA_142_DCM_0.22-3_G	OC
TARA_142_MES_0.22-3_G	OC
TARA_142_SRF_0.22-3_G	OC
TARA_145_MES_0.22-3_G	OC
TARA_145_SRF_0.22-3_G	OC
TARA_146_MES_0.22-3_G	OC
TARA_146_SRF_0.22-3_G	OC
TARA_148_SRF_0.22-3_G	OC
TARA_148b_MES_0.22-3_G	OC
TARA_149_MES_0.22-3_G	OC
TARA_149_SRF_0.22-3_G	OC
TARA_150_DCM_0.22-3_G	OC
TARA_150_SRF_0.22-3_G	OC
TARA_151_DCM_0.22-3_G	OC
TARA_151_SRF_0.22-3_G	OC
TARA_152_MES_0.22-3_G	OC
TARA_152_MIX_0.22-3_G	OC
TARA_152_SRF_0.22-3_G	OC
TARA_155_DCM_0.22-3_G	OC
TARA_155_MES_0.22-3_G	OC
TARA_155_SRF_0.22-3_G	OC
TARA_158_DCM_0.22-3_G	OC
TARA_158_MES_0.22-3_G	OC
TARA_158_SRF_0.22-3_G	OC
TARA_163_MES_0.22-3_G	OC
TARA_163_SRF_0.22-3_G	OC
TARA_168_DCM_0.22-3_G	OC
TARA_168_IZZ_0.22-3_G	OC
TARA_168_SRF_0.22-3_G	OC
TARA_173_DCM_0.22-3_G	OC
TARA_173_IZZ_0.22-3_G	OC
TARA_173_SRF_0.22-3_G	OC
TARA_175_SRF_0.22-3_G	OC
TARA_175_ZZZ_0.22-3_G	OC
TARA_178_SRF_0.22-3_G	OC
TARA_180_SRF_0.22-3_G	OC
TARA_180_ZZZ_0.22-3_G	OC
TARA_188_DCM_0.22-3_G	OC
TARA_188_SRF_0.22-3_G	OC
TARA_189_DCM_0.22-3_G	OC
TARA_189_MES_0.22-3_G	OC
TARA_189_SRF_0.22-3_G	OC
TARA_191_SRF_0.22-3_G	OC
TARA_193_SRF_0.22-3_G	OC
TARA_194_DCM_0.22-3_G	OC
TARA_194_SRF_0.22-3_G	OC
TARA_196_SRF_0.22-3_G	OC
TARA_201_DCM_0.22-3_G	OC
TARA_201_MES_0.22-3_G	OC
TARA_201_SRF_0.22-3_G	OC
TARA_205_MES_0.22-3_G	OC
TARA_205_SRF_0.22-3_G	OC
TARA_206_MES_0.22-3_G	OC
TARA_206_SRF_0.22-3_G	OC
TARA_208_SRF_0.22-3_G	OC
TARA_209_MES_0.22-3_G	OC
TARA_209_SRF_0.22-3_G	OC
TARA_210_MES_0.22-3_G	OC
TARA_210_SRF_0.22-3_G	OC
V1.CD1-0	ST
V1.CD1-0-PN	ST
V1.CD1-0-PT	ST
V1.CD1-3-PN	ST
V1.CD10-0	ST
V1.CD11-0	ST
V1.CD12-0	ST
V1.CD12-3	ST
V1.CD13-0	ST
V1.CD14-0	ST
V1.CD15-0	ST
V1.CD15-3	ST
V1.CD16-0	ST
V1.CD17-0	ST
V1.CD17-4	ST
V1.CD18-0	ST
V1.CD18-3	ST
V1.CD19-0	ST
V1.CD2-0	ST
V1.CD2-0-PN	ST
V1.CD2-0-PT	ST
V1.CD20-0	ST
V1.CD20-4	ST
V1.CD21-0	ST
V1.CD21-4	ST
V1.CD22-0	ST
V1.CD24-0	ST
V1.CD25-0	ST
V1.CD25-4	ST
V1.CD27-0	ST
V1.CD28-0	ST
V1.CD29-0	ST
V1.CD3-0	ST
V1.CD3-0-PN	ST
V1.CD3-0-PT	ST
V1.CD3-3-PN	ST
V1.CD30-0	ST
V1.CD31-0	ST
V1.CD32-0	ST
V1.CD32-4	ST
V1.CD34-0	ST
V1.CD35-0	ST
V1.CD35-1	ST
V1.CD36-0	ST
V1.CD37-4	ST
V1.CD38-0	ST
V1.CD4-0	ST
V1.CD4-0-PN	ST
V1.CD4-0-PT	ST
V1.CD40-0	ST
V1.CD41-0	ST
V1.CD42-0	ST
V1.CD43-0	ST
V1.CD44-0	ST
V1.CD44-4	ST
V1.CD45-0	ST
V1.CD46-0	ST
V1.CD48-0	ST
V1.CD49-0	ST
V1.CD5-0-PN	ST
V1.CD50-0	ST
V1.CD51-0	ST
V1.CD52-0	ST
V1.CD53-0	ST
V1.CD54-0	ST
V1.CD55-0	ST
V1.CD6-0	ST
V1.CD6-0-PN	ST
V1.CD6-0-PT	ST
V1.CD6-4	ST
V1.CD7-0	ST
V1.CD7-0-PN	ST
V1.CD7-4	ST
V1.CD8-0	ST
V1.CD8-0-PN	ST
V1.CD9-0	ST
V1.FI01	ST
V1.FI02	ST
V1.FI03	ST
V1.FI04	ST
V1.FI05	ST
V1.FI06	ST
V1.FI07	ST
V1.FI08	ST
V1.FI09	ST
V1.FI10	ST
V1.FI11	ST
V1.FI12	ST
V1.FI13	ST
V1.FI14	ST
V1.FI15	ST
V1.FI16	ST
V1.FI17	ST
V1.FI18	ST
V1.FI19	ST
V1.FI20	ST
V1.FI21	ST
V1.FI22	ST
V1.FI23	ST
V1.FI24	ST
V1.FI25	ST
V1.FI26	ST
V1.FI27	ST
V1.FI28	ST
V1.FI29	ST
V1.FI30	ST
V1.FI31	ST
V1.FI32	ST
V1.FI33	ST
V1.FI34	ST
V1.FI35	ST
V1.FI36	ST
V1.FI37	ST
V1.UC1-0	ST
V1.UC10-0	ST
V1.UC10-2	ST
V1.UC11-0	ST
V1.UC11-5	ST
V1.UC12-0	ST
V1.UC12-4	ST
V1.UC13-0	ST
V1.UC13-3	ST
V1.UC14-0	ST
V1.UC14-1	ST
V1.UC15-0	ST
V1.UC15-3	ST
V1.UC16-0	ST
V1.UC17-0	ST
V1.UC17-2	ST
V1.UC18-0	ST
V1.UC19-0	ST
V1.UC2-0	ST
V1.UC2-4	ST
V1.UC21-0	ST
V1.UC21-4	ST
V1.UC22-1	ST
V1.UC23-0	ST
V1.UC23-1	ST
V1.UC24-0	ST
V1.UC25-0	ST
V1.UC25-1	ST
V1.UC26-0	ST
V1.UC26-4	ST
V1.UC27-0	ST
V1.UC28-0	ST
V1.UC29-0	ST
V1.UC3-0	ST
V1.UC3-2	ST
V1.UC30-0	ST
V1.UC31-0	ST
V1.UC31-4	ST
V1.UC32-0	ST
V1.UC33-0	ST
V1.UC34-0	ST
V1.UC35-0	ST
V1.UC35-4	ST
V1.UC36-0	ST
V1.UC37-0	ST
V1.UC38-0	ST
V1.UC38-4	ST
V1.UC39-0	ST
V1.UC39-4	ST
V1.UC4-0	ST
V1.UC4-5	ST
V1.UC40-0	ST
V1.UC40-1	ST
V1.UC41-0	ST
V1.UC42-0	ST
V1.UC43-0	ST
V1.UC44-0	ST
V1.UC45-0	ST
V1.UC46-0	ST
V1.UC47-0	ST
V1.UC47-4	ST
V1.UC48-0	ST
V1.UC49-0	ST
V1.UC49-1	ST
V1.UC5-0	ST
V1.UC5-3	ST
V1.UC50-1	ST
V1.UC51-0	ST
V1.UC51-4	ST
V1.UC52-0	ST
V1.UC52-1	ST
V1.UC53-0	ST
V1.UC53-4	ST
V1.UC54-0	ST
V1.UC54-4	ST
V1.UC55-0	ST
V1.UC55-4	ST
V1.UC56-0	ST
V1.UC56-1	ST
V1.UC57-0	ST
V1.UC58-0	ST
V1.UC58-4	ST
V1.UC59-0	ST
V1.UC59-4	ST
V1.UC6-0	ST
V1.UC60-0	ST
V1.UC61-0	ST
V1.UC62-0	ST
V1.UC63-0	ST
V1.UC64-0	ST
V1.UC7-0	ST
V1.UC8-0	ST
V1.UC9-0	ST
alien-11-0-0	ST
alien-11-2-0	ST
alien-11-376-0	ST
alien-11-377-0	ST
alien-11-378-0	ST
alien-11-380-0	ST
alien-11-392-1	ST
alien-11-392-2	ST
alien-11-392-3	ST
alien-11-60-0	ST
alien-11-600-0	ST
alien-11-630-0	ST
alien-11-632-0	ST
alien-11-637-0	ST
alien-11-7-0	ST
alien-11-773-0	ST
alien-12-7-0	ST
alien-13-392-1	ST
alien-13-392-2	ST
alien-13-392-3	ST
alien-13-7-0	ST
bugkiller-11-0-0	ST
bugkiller-11-2-0	ST
bugkiller-11-392-1	ST
bugkiller-11-392-2	ST
bugkiller-11-392-3	ST
bugkiller-11-60-0	ST
bugkiller-11-600-0	ST
bugkiller-11-7-0	ST
bugkiller-11-773-0	ST
bugkiller-12-7-0	ST
bugkiller-13-392-1	ST
bugkiller-13-392-2	ST
bugkiller-13-392-3	ST
bugkiller-13-7-0	ST
daisy-11-0-0	ST
daisy-11-2-0	ST
daisy-11-60-0	ST
daisy-11-7-0	ST
halbarad-11-0-0	ST
halbarad-11-2-0	ST
halbarad-11-392-0	ST
halbarad-11-7-0	ST
halbarad-12-7-0	ST
halbarad-13-7-0	ST
peacemaker-11-0-0	ST
peacemaker-11-2-0	ST
peacemaker-11-392-1	ST
peacemaker-11-392-2	ST
peacemaker-11-392-3	ST
peacemaker-11-60-0	ST
peacemaker-11-600-0	ST
peacemaker-11-7-0	ST
peacemaker-11-773-0	ST
peacemaker-12-7-0	ST
peacemaker-13-392-1	ST
peacemaker-13-392-2	ST
peacemaker-13-392-3	ST
peacemaker-13-7-0	ST
scavenger-11-0-0	ST
scavenger-11-2-0	ST
scavenger-11-392-0	ST
scavenger-11-60-0	ST
scavenger-11-7-0	ST
scavenger-12-7-0	ST
scavenger-13-7-0	ST
tigress-11-0-0	ST
tigress-11-2-0	ST
tigress-11-60-0	ST
tigress-11-7-0	ST
